tenant_id,name,surname,gender,email,contact,approved,room_id
9706095341086,Sean,Pearson,MALE,SeanPearson0@gmail.com,0717339913,False,11101A
9706095341087,Wanda,Sand,MALE,WandaSand0@gmail.com,0717339910,False,11101B
9706095341088,Lillian,Strong,FEMALE,LillianStrong1@gmail.com,0717339932,False,21102C
9706095341089,Marcia,Messer,MALE,MarciaMesser2@gmail.com,0717339927,False,11103A
9706095341090,William,Castilla,MALE,WilliamCastilla2@gmail.com,0717339939,False,11103B
9706095341091,Herbert,Kiernan,FEMALE,HerbertKiernan3@gmail.com,0717339935,False,21104A
9706095341092,Margaret,Frost,FEMALE,MargaretFrost3@gmail.com,0717339927,False,21104B
9706095341093,Lavona,Miles,FEMALE,LavonaMiles3@gmail.com,0717339925,False,21104C
9706095341094,Viola,Heim,MALE,ViolaHeim4@gmail.com,0717339918,False,11105A
9706095341095,Gary,Martinez,MALE,GaryMartinez4@gmail.com,0717339912,False,11105B
9706095341096,James,Mirto,MALE,JamesMirto5@gmail.com,0717339912,False,11106A
9706095341097,Bruce,Powell,MALE,BrucePowell5@gmail.com,0717339910,False,11106B
9706095341098,Diana,Hellriegel,FEMALE,DianaHellriegel6@gmail.com,0717339938,False,21107B
9706095341099,Lisa,Wobig,FEMALE,LisaWobig7@gmail.com,0717339929,False,21108A
9706095341100,Lena,Parsons,FEMALE,LenaParsons7@gmail.com,0717339911,False,21108C
9706095341101,David,Wilson,MALE,DavidWilson8@gmail.com,0717339934,False,11109A
9706095341102,Camille,Gibson,MALE,CamilleGibson10@gmail.com,0717339911,False,11111A
9706095341103,Alice,Quintero,MALE,AliceQuintero10@gmail.com,0717339916,False,11111B
9706095341104,Mike,Taylor,FEMALE,MikeTaylor11@gmail.com,0717339935,False,21112A
9706095341105,Ada,Amick,FEMALE,AdaAmick11@gmail.com,0717339936,False,21112B
9706095341106,Al,Cagnina,FEMALE,AlCagnina12@gmail.com,0717339919,False,21113A
9706095341107,Kenneth,Coggin,FEMALE,KennethCoggin12@gmail.com,0717339931,False,21113C
9706095341108,Michael,Evans,MALE,MichaelEvans13@gmail.com,0717339922,False,11114A
9706095341109,Logan,Pieffer,MALE,LoganPieffer14@gmail.com,0717339937,False,11115A
9706095341110,John,Jackson,MALE,JohnJackson14@gmail.com,0717339913,False,11115B
9706095341111,Sandra,Stevenson,FEMALE,SandraStevenson15@gmail.com,0717339923,False,21116A
9706095341112,Gaston,Gunselman,FEMALE,GastonGunselman15@gmail.com,0717339924,False,21116B
9706095341113,Alice,Langille,MALE,AliceLangille16@gmail.com,0717339935,False,11117B
9706095341114,Sharon,Flores,MALE,SharonFlores19@gmail.com,0717339920,False,11120A
9706095341115,Mary,Allen,MALE,MaryAllen19@gmail.com,0717339929,False,11120B
9706095341116,Hector,Tyler,MALE,HectorTyler20@gmail.com,0717339924,False,11121A
9706095341117,Joan,Babon,FEMALE,JoanBabon21@gmail.com,0717339914,False,21122A
9706095341118,Edwin,Levinson,FEMALE,EdwinLevinson21@gmail.com,0717339913,False,21122C
9706095341119,Lilian,Domingue,FEMALE,LilianDomingue22@gmail.com,0717339915,False,21123A
9706095341120,Ellen,Gonzales,FEMALE,EllenGonzales22@gmail.com,0717339928,False,21123B
9706095341121,Evelyn,Tello,FEMALE,EvelynTello22@gmail.com,0717339920,False,21123C
9706095341122,Oscar,Stewart,FEMALE,OscarStewart24@gmail.com,0717339921,False,21125A
9706095341123,Sandy,Rene,FEMALE,SandyRene24@gmail.com,0717339931,False,21125C
9706095341124,Calvin,Toscano,FEMALE,CalvinToscano25@gmail.com,0717339929,False,21126A
9706095341125,Scott,Thrift,FEMALE,ScottThrift25@gmail.com,0717339919,False,21126B
9706095341126,Henry,Hatfield,MALE,HenryHatfield26@gmail.com,0717339916,False,11127A
9706095341127,Erin,Alvarez,FEMALE,ErinAlvarez27@gmail.com,0717339919,False,21128A
9706095341128,Shirley,Hull,FEMALE,ShirleyHull28@gmail.com,0717339934,False,21129A
9706095341129,Peter,McIntyre,FEMALE,PeterMcIntyre28@gmail.com,0717339925,False,21129B
9706095341130,Bryan,Varney,FEMALE,BryanVarney29@gmail.com,0717339925,False,21130A
9706095341131,Janice,Owens,FEMALE,JaniceOwens29@gmail.com,0717339933,False,21130B
9706095341132,Deborah,Brake,FEMALE,DeborahBrake29@gmail.com,0717339931,False,21130C
9706095341133,Anthony,Fasching,MALE,AnthonyFasching30@gmail.com,0717339938,False,11131A
9706095341134,Justin,Tucker,MALE,JustinTucker30@gmail.com,0717339932,False,11131B
9706095341135,George,Murray,MALE,GeorgeMurray32@gmail.com,0717339920,False,11133A
9706095341136,Lori,Oliver,MALE,LoriOliver32@gmail.com,0717339917,False,11133B
9706095341137,Sandra,Nichols,FEMALE,SandraNichols34@gmail.com,0717339937,False,21135C
9706095341138,Amy,Mickens,FEMALE,AmyMickens35@gmail.com,0717339922,False,21136A
9706095341139,Edwin,Norman,FEMALE,EdwinNorman36@gmail.com,0717339937,False,21137C
9706095341140,Peter,Ricker,MALE,PeterRicker37@gmail.com,0717339925,False,11138B
9706095341141,Diane,Watson,FEMALE,DianeWatson38@gmail.com,0717339930,False,21139B
9706095341142,Jason,Sheehy,MALE,JasonSheehy39@gmail.com,0717339932,False,11140B
9706095341143,Christine,Gomez,MALE,ChristineGomez40@gmail.com,0717339932,False,11141B
9706095341144,Maria,Mueller,FEMALE,MariaMueller41@gmail.com,0717339933,False,21142A
9706095341145,Heather,Jensen,FEMALE,HeatherJensen41@gmail.com,0717339912,False,21142B
9706095341146,George,Connolly,FEMALE,GeorgeConnolly41@gmail.com,0717339919,False,21142C
9706095341147,Laura,Nunez,FEMALE,LauraNunez42@gmail.com,0717339916,False,21143A
9706095341148,Virgie,Sabol,FEMALE,VirgieSabol42@gmail.com,0717339913,False,21143B
9706095341149,Robert,Teeters,FEMALE,RobertTeeters42@gmail.com,0717339923,False,21143C
9706095341150,Billy,Corby,FEMALE,BillyCorby43@gmail.com,0717339930,False,21144A
9706095341151,Judith,Ireland,FEMALE,JudithIreland43@gmail.com,0717339922,False,21144C
9706095341152,Dorothy,Hall,FEMALE,DorothyHall44@gmail.com,0717339919,False,21145C
9706095341153,Michael,Meade,FEMALE,MichaelMeade46@gmail.com,0717339915,False,21147A
9706095341154,Lucy,Butler,FEMALE,LucyButler46@gmail.com,0717339938,False,21147B
9706095341155,Carol,Hudgins,MALE,CarolHudgins47@gmail.com,0717339918,False,11148B
9706095341156,Felisa,Ogburn,MALE,FelisaOgburn49@gmail.com,0717339937,False,11150A
9706095341157,Tory,Bykonen,FEMALE,ToryBykonen50@gmail.com,0717339927,False,21151A
9706095341158,Bradly,Hegg,FEMALE,BradlyHegg51@gmail.com,0717339922,False,21152C
9706095341159,Flora,Diaz,FEMALE,FloraDiaz53@gmail.com,0717339919,False,21154A
9706095341160,Nancy,Carter,FEMALE,NancyCarter53@gmail.com,0717339912,False,21154C
9706095341161,Daniela,Higginbotham,FEMALE,DanielaHigginbotham54@gmail.com,0717339932,False,21155B
9706095341162,Michael,Ahmad,FEMALE,MichaelAhmad55@gmail.com,0717339910,False,21156B
9706095341163,Virginia,Modica,FEMALE,VirginiaModica55@gmail.com,0717339927,False,21156C
9706095341164,Jason,Aragon,MALE,JasonAragon56@gmail.com,0717339919,False,11157A
9706095341165,Shane,Espino,FEMALE,ShaneEspino58@gmail.com,0717339935,False,21159C
9706095341166,Ronald,Botta,MALE,RonaldBotta59@gmail.com,0717339934,False,11160B
9706095341167,Ronda,Borden,MALE,RondaBorden60@gmail.com,0717339939,False,11161B
9706095341168,Mary,Bonilla,FEMALE,MaryBonilla61@gmail.com,0717339931,False,21162A
9706095341169,Barbara,Shoemake,FEMALE,BarbaraShoemake61@gmail.com,0717339933,False,21162B
9706095341170,Dennis,Brown,FEMALE,DennisBrown63@gmail.com,0717339912,False,21164A
9706095341171,Kaye,Middleton,FEMALE,KayeMiddleton64@gmail.com,0717339918,False,21165B
9706095341172,Daniel,Henderson,FEMALE,DanielHenderson64@gmail.com,0717339918,False,21165C
9706095341173,David,McMillan,MALE,DavidMcMillan66@gmail.com,0717339920,False,11167A
9706095341174,Nicole,Naylor,MALE,NicoleNaylor66@gmail.com,0717339928,False,11167B
9706095341175,Brian,Quinones,MALE,BrianQuinones67@gmail.com,0717339913,False,11168B
9706095341176,Clyde,McDonnell,MALE,ClydeMcDonnell68@gmail.com,0717339937,False,11169A
9706095341177,Diana,Berkey,FEMALE,DianaBerkey69@gmail.com,0717339914,False,21170A
9706095341178,Cynthia,Patterson,FEMALE,CynthiaPatterson70@gmail.com,0717339911,False,21171B
9706095341179,Henry,Swenson,FEMALE,HenrySwenson70@gmail.com,0717339934,False,21171C
9706095341180,Karen,Lee,MALE,KarenLee71@gmail.com,0717339939,False,11172A
9706095341181,Jane,Somers,MALE,JaneSomers71@gmail.com,0717339934,False,11172B
9706095341182,Lance,Mares,FEMALE,LanceMares73@gmail.com,0717339936,False,21174B
9706095341183,Carl,Warda,FEMALE,CarlWarda73@gmail.com,0717339922,False,21174C
9706095341184,Charlette,Datres,FEMALE,CharletteDatres74@gmail.com,0717339920,False,21175A
9706095341185,Gerald,Philipsen,MALE,GeraldPhilipsen76@gmail.com,0717339938,False,11177A
9706095341186,Heather,Runkle,MALE,HeatherRunkle76@gmail.com,0717339927,False,11177B
9706095341187,Evelin,Mills,FEMALE,EvelinMills77@gmail.com,0717339923,False,21178B
9706095341188,Charles,Lyons,FEMALE,CharlesLyons77@gmail.com,0717339926,False,21178C
9706095341189,Carol,Lanzillotti,FEMALE,CarolLanzillotti78@gmail.com,0717339918,False,21179B
9706095341190,Charles,Randall,MALE,CharlesRandall79@gmail.com,0717339918,False,11180A
9706095341191,Lee,Perna,MALE,LeePerna80@gmail.com,0717339934,False,11181A
9706095341192,Ada,Pater,MALE,AdaPater81@gmail.com,0717339919,False,11182B
9706095341193,Miriam,Guardado,FEMALE,MiriamGuardado82@gmail.com,0717339914,False,21183B
9706095341194,Michael,Dillman,MALE,MichaelDillman83@gmail.com,0717339924,False,11184A
9706095341195,Joan,Mims,MALE,JoanMims84@gmail.com,0717339921,False,11185A
9706095341196,Laura,Chase,FEMALE,LauraChase85@gmail.com,0717339918,False,21186A
9706095341197,Beryl,George,FEMALE,BerylGeorge85@gmail.com,0717339936,False,21186C
9706095341198,Donna,Stevens,MALE,DonnaStevens86@gmail.com,0717339924,False,11187B
9706095341199,Carolina,Hammer,MALE,CarolinaHammer87@gmail.com,0717339919,False,11188A
9706095341200,Michael,Zapien,MALE,MichaelZapien87@gmail.com,0717339928,False,11188B
9706095341201,Betty,Andris,FEMALE,BettyAndris89@gmail.com,0717339938,False,21190A
9706095341202,Michael,Eckberg,MALE,MichaelEckberg90@gmail.com,0717339915,False,11191A
9706095341203,Vera,Cox,MALE,VeraCox90@gmail.com,0717339911,False,11191B
9706095341204,Vera,Reyes,FEMALE,VeraReyes91@gmail.com,0717339935,False,21192B
9706095341205,Phillip,Hermreck,FEMALE,PhillipHermreck91@gmail.com,0717339915,False,21192C
9706095341206,Thomas,Cook,MALE,ThomasCook92@gmail.com,0717339938,False,11193A
9706095341207,Noemi,Lovely,FEMALE,NoemiLovely94@gmail.com,0717339925,False,21195A
9706095341208,Elaine,Shelton,FEMALE,ElaineShelton94@gmail.com,0717339932,False,21195B
9706095341209,Vera,Howland,FEMALE,VeraHowland94@gmail.com,0717339919,False,21195C
9706095341210,Steven,Carter,MALE,StevenCarter95@gmail.com,0717339920,False,11196A
9706095341211,Christopher,Lamanna,MALE,ChristopherLamanna96@gmail.com,0717339929,False,11197B
9706095341212,Leia,Isaac,MALE,LeiaIsaac97@gmail.com,0717339934,False,11198B
9706095341213,Thomas,Massaquoi,MALE,ThomasMassaquoi98@gmail.com,0717339934,False,11199B
9706095341214,Jason,Goble,FEMALE,JasonGoble99@gmail.com,0717339932,False,21200A
9706095341215,Kevin,Wilson,FEMALE,KevinWilson99@gmail.com,0717339925,False,21200C
9706095341216,Robert,Sebo,MALE,RobertSebo100@gmail.com,0717339927,False,11201A
9706095341217,Denise,Vazquez,MALE,DeniseVazquez100@gmail.com,0717339939,False,11201B
9706095341218,Marlon,Arellano,FEMALE,MarlonArellano101@gmail.com,0717339923,False,21202A
9706095341219,Bibi,Rose,FEMALE,BibiRose101@gmail.com,0717339915,False,21202C
9706095341220,Helen,Yoder,FEMALE,HelenYoder102@gmail.com,0717339938,False,21203A
9706095341221,John,Swinehart,FEMALE,JohnSwinehart102@gmail.com,0717339918,False,21203B
9706095341222,Elizabeth,Franke,FEMALE,ElizabethFranke102@gmail.com,0717339920,False,21203C
9706095341223,Justin,Lira,MALE,JustinLira103@gmail.com,0717339927,False,11204A
9706095341224,Chad,Barney,MALE,ChadBarney103@gmail.com,0717339931,False,11204B
9706095341225,Paul,Hewett,FEMALE,PaulHewett104@gmail.com,0717339937,False,21205B
9706095341226,Anthony,Turnipseed,FEMALE,AnthonyTurnipseed106@gmail.com,0717339917,False,21207A
9706095341227,Jeanette,Mikesell,FEMALE,JeanetteMikesell106@gmail.com,0717339935,False,21207B
9706095341228,Leola,Harris,FEMALE,LeolaHarris107@gmail.com,0717339915,False,21208B
9706095341229,Barbara,Aitken,FEMALE,BarbaraAitken108@gmail.com,0717339920,False,21209C
9706095341230,Richard,Musial,FEMALE,RichardMusial109@gmail.com,0717339916,False,21210B
9706095341231,Jamie,Gardner,FEMALE,JamieGardner109@gmail.com,0717339939,False,21210C
9706095341232,Laura,McGregor,FEMALE,LauraMcGregor110@gmail.com,0717339928,False,21211B
9706095341233,Alvin,Dysert,FEMALE,AlvinDysert111@gmail.com,0717339925,False,21212B
9706095341234,Alice,Rose,MALE,AliceRose114@gmail.com,0717339939,False,11215A
9706095341235,Marie,Evans,FEMALE,MarieEvans115@gmail.com,0717339926,False,21216C
9706095341236,Mireya,Williamson,MALE,MireyaWilliamson116@gmail.com,0717339920,False,11217A
9706095341237,Lee,Mascorro,MALE,LeeMascorro116@gmail.com,0717339936,False,11217B
9706095341238,Juan,Fried,MALE,JuanFried119@gmail.com,0717339918,False,11220B
9706095341239,Beverly,Flowers,FEMALE,BeverlyFlowers120@gmail.com,0717339922,False,21221A
9706095341240,Tammy,Hubbard,FEMALE,TammyHubbard121@gmail.com,0717339911,False,21222A
9706095341241,Chelsea,Swift,FEMALE,ChelseaSwift121@gmail.com,0717339912,False,21222C
9706095341242,Karen,Chastain,FEMALE,KarenChastain123@gmail.com,0717339912,False,21224A
9706095341243,Frances,Debattista,FEMALE,FrancesDebattista124@gmail.com,0717339914,False,21225A
9706095341244,Janet,Koogle,FEMALE,JanetKoogle124@gmail.com,0717339919,False,21225B
9706095341245,Marcia,McQueeney,FEMALE,MarciaMcQueeney127@gmail.com,0717339926,False,21228A
9706095341246,Jerry,Lindsey,FEMALE,JerryLindsey128@gmail.com,0717339912,False,21229A
9706095341247,Tina,Kay,FEMALE,TinaKay128@gmail.com,0717339915,False,21229B
9706095341248,Zelma,Tufts,FEMALE,ZelmaTufts130@gmail.com,0717339939,False,21231A
9706095341249,Willie,Tift,FEMALE,WillieTift130@gmail.com,0717339927,False,21231B
9706095341250,Floyd,Cannon,MALE,FloydCannon131@gmail.com,0717339930,False,11232A
9706095341251,Otis,Sandovar,MALE,OtisSandovar131@gmail.com,0717339911,False,11232B
9706095341252,Richard,Baker,FEMALE,RichardBaker132@gmail.com,0717339913,False,21233B
9706095341253,Diane,Carty,FEMALE,DianeCarty132@gmail.com,0717339939,False,21233C
9706095341254,Ronald,Salazar,MALE,RonaldSalazar134@gmail.com,0717339910,False,11235A
9706095341255,Judith,Greene,MALE,JudithGreene134@gmail.com,0717339938,False,11235B
9706095341256,Virginia,Bruno,MALE,VirginiaBruno135@gmail.com,0717339929,False,11236B
9706095341257,Michael,Ebsen,FEMALE,MichaelEbsen137@gmail.com,0717339920,False,21238A
9706095341258,Helena,Large,FEMALE,HelenaLarge138@gmail.com,0717339936,False,21239A
9706095341259,Emily,Robinson,MALE,EmilyRobinson139@gmail.com,0717339910,False,11240A
9706095341260,Frederick,Luna,MALE,FrederickLuna139@gmail.com,0717339922,False,11240B
9706095341261,Charlie,Shekar,FEMALE,CharlieShekar140@gmail.com,0717339919,False,21241B
9706095341262,Daniel,Abrom,FEMALE,DanielAbrom140@gmail.com,0717339931,False,21241C
9706095341263,Howard,Sharpe,MALE,HowardSharpe142@gmail.com,0717339926,False,11243B
9706095341264,Savannah,Paradise,FEMALE,SavannahParadise143@gmail.com,0717339929,False,21244A
9706095341265,Nancy,Jackson,FEMALE,NancyJackson143@gmail.com,0717339913,False,21244B
9706095341266,Isaac,Garcia,FEMALE,IsaacGarcia144@gmail.com,0717339927,False,21245C
9706095341267,Dina,Thornton,FEMALE,DinaThornton146@gmail.com,0717339928,False,21247B
9706095341268,Samantha,Tomboc,FEMALE,SamanthaTomboc146@gmail.com,0717339936,False,21247C
9706095341269,Theodore,Martinez,FEMALE,TheodoreMartinez147@gmail.com,0717339911,False,21248A
9706095341270,Ryan,Poulsen,FEMALE,RyanPoulsen147@gmail.com,0717339917,False,21248C
9706095341271,Eleanor,Carter,FEMALE,EleanorCarter149@gmail.com,0717339928,False,21250A
9706095341272,Mildred,McGee,FEMALE,MildredMcGee149@gmail.com,0717339935,False,21250C
9706095341273,Annette,Simpson,FEMALE,AnnetteSimpson150@gmail.com,0717339927,False,21251A
9706095341274,Laura,Ramus,FEMALE,LauraRamus150@gmail.com,0717339928,False,21251C
9706095341275,James,Tator,MALE,JamesTator151@gmail.com,0717339924,False,11252B
9706095341276,Rita,Hoyos,FEMALE,RitaHoyos153@gmail.com,0717339921,False,21254A
9706095341277,John,Moloney,FEMALE,JohnMoloney153@gmail.com,0717339939,False,21254B
9706095341278,Raul,Jahnke,FEMALE,RaulJahnke153@gmail.com,0717339929,False,21254C
9706095341279,Jacob,Filer,MALE,JacobFiler154@gmail.com,0717339934,False,11255B
9706095341280,Alberta,Stark,MALE,AlbertaStark155@gmail.com,0717339936,False,11256A
9706095341281,Charles,Thiel,MALE,CharlesThiel156@gmail.com,0717339929,False,11257A
9706095341282,Bessie,Mason,MALE,BessieMason156@gmail.com,0717339923,False,11257B
9706095341283,Evelyn,Kyzer,MALE,EvelynKyzer157@gmail.com,0717339939,False,11258A
9706095341284,Carol,Solis,MALE,CarolSolis158@gmail.com,0717339936,False,11259A
9706095341285,Matthew,Barton,MALE,MatthewBarton159@gmail.com,0717339929,False,11260A
9706095341286,Michael,Staten,FEMALE,MichaelStaten160@gmail.com,0717339933,False,21261A
9706095341287,William,Lane,FEMALE,WilliamLane160@gmail.com,0717339933,False,21261B
9706095341288,William,Diaz,FEMALE,WilliamDiaz160@gmail.com,0717339926,False,21261C
9706095341289,Robyn,Koehn,MALE,RobynKoehn162@gmail.com,0717339910,False,11263B
9706095341290,Iris,Bachmann,MALE,IrisBachmann163@gmail.com,0717339911,False,11264A
9706095341291,Joann,Ma,FEMALE,JoannMa164@gmail.com,0717339914,False,21265B
9706095341292,Temeka,Browning,FEMALE,TemekaBrowning165@gmail.com,0717339910,False,21266A
9706095341293,Rose,Byfield,MALE,RoseByfield166@gmail.com,0717339919,False,11267A
9706095341294,Derek,Dula,MALE,DerekDula167@gmail.com,0717339938,False,11268A
9706095341295,Lisa,Bailey,MALE,LisaBailey167@gmail.com,0717339929,False,11268B
9706095341296,Elisha,Velasquez,FEMALE,ElishaVelasquez168@gmail.com,0717339915,False,21269A
9706095341297,Mary,Cates,FEMALE,MaryCates168@gmail.com,0717339937,False,21269B
9706095341298,Frank,Parker,FEMALE,FrankParker169@gmail.com,0717339938,False,21270B
9706095341299,Michael,Nicolescu,FEMALE,MichaelNicolescu169@gmail.com,0717339924,False,21270C
9706095341300,Bradley,Moushey,MALE,BradleyMoushey170@gmail.com,0717339918,False,11271A
9706095341301,Michael,Ebenstein,MALE,MichaelEbenstein170@gmail.com,0717339917,False,11271B
9706095341302,Louise,Gurrola,MALE,LouiseGurrola171@gmail.com,0717339937,False,11272A
9706095341303,Michael,Glazier,FEMALE,MichaelGlazier173@gmail.com,0717339935,False,21274B
9706095341304,Terri,Martinez,MALE,TerriMartinez174@gmail.com,0717339938,False,11275B
9706095341305,Beatrice,Eberwein,MALE,BeatriceEberwein175@gmail.com,0717339928,False,11276A
9706095341306,Shane,Moore,MALE,ShaneMoore175@gmail.com,0717339919,False,11276B
9706095341307,Catherine,Hall,MALE,CatherineHall176@gmail.com,0717339935,False,11277B
9706095341308,Mary,Wynn,FEMALE,MaryWynn177@gmail.com,0717339926,False,21278A
9706095341309,Keith,Raab,FEMALE,KeithRaab177@gmail.com,0717339928,False,21278C
9706095341310,Carson,McGuire,FEMALE,CarsonMcGuire178@gmail.com,0717339916,False,21279C
9706095341311,Mark,Washington,MALE,MarkWashington179@gmail.com,0717339918,False,11280A
9706095341312,Julian,Vara,FEMALE,JulianVara181@gmail.com,0717339931,False,21282A
9706095341313,Catherine,Baughman,FEMALE,CatherineBaughman181@gmail.com,0717339917,False,21282B
9706095341314,Walker,Castillo,FEMALE,WalkerCastillo183@gmail.com,0717339928,False,21284A
9706095341315,Linda,Meluso,FEMALE,LindaMeluso183@gmail.com,0717339932,False,21284B
9706095341316,Rosaura,Iversen,MALE,RosauraIversen185@gmail.com,0717339938,False,11286A
9706095341317,Marianne,Reyes,MALE,MarianneReyes185@gmail.com,0717339913,False,11286B
9706095341318,Diana,Cilek,MALE,DianaCilek186@gmail.com,0717339927,False,11287A
9706095341319,Mark,Turner,MALE,MarkTurner187@gmail.com,0717339927,False,11288B
9706095341320,Michael,Pegues,FEMALE,MichaelPegues188@gmail.com,0717339928,False,21289C
9706095341321,Leslie,Justice,FEMALE,LeslieJustice189@gmail.com,0717339936,False,21290B
9706095341322,Noah,Green,MALE,NoahGreen190@gmail.com,0717339931,False,11291A
9706095341323,Thomas,Lampman,MALE,ThomasLampman192@gmail.com,0717339922,False,11293A
9706095341324,Francine,Madrid,MALE,FrancineMadrid192@gmail.com,0717339911,False,11293B
9706095341325,Allyson,Arnold,MALE,AllysonArnold193@gmail.com,0717339919,False,11294A
9706095341326,Curtis,Greenlund,FEMALE,CurtisGreenlund194@gmail.com,0717339936,False,21295C
9706095341327,David,Colby,FEMALE,DavidColby195@gmail.com,0717339925,False,21296A
9706095341328,Gregory,Germain,FEMALE,GregoryGermain195@gmail.com,0717339935,False,21296B
9706095341329,Bertha,Johns,FEMALE,BerthaJohns196@gmail.com,0717339928,False,21297A
9706095341330,Paul,Schuman,FEMALE,PaulSchuman198@gmail.com,0717339917,False,21299A
9706095341331,Willis,Yang,FEMALE,WillisYang198@gmail.com,0717339937,False,21299C
9706095341332,Arturo,Edmundson,FEMALE,ArturoEdmundson199@gmail.com,0717339930,False,21300A
9706095341333,Richard,Smith,FEMALE,RichardSmith199@gmail.com,0717339929,False,21300B
9706095341334,Lila,Youngblood,MALE,LilaYoungblood200@gmail.com,0717339915,False,11301A
9706095341335,John,Osborne,FEMALE,JohnOsborne201@gmail.com,0717339927,False,21302C
9706095341336,Jeanene,Brittingham,FEMALE,JeaneneBrittingham202@gmail.com,0717339927,False,21303A
9706095341337,Chin,Taylor,FEMALE,ChinTaylor202@gmail.com,0717339934,False,21303C
9706095341338,Flora,Zaroff,FEMALE,FloraZaroff203@gmail.com,0717339911,False,21304B
9706095341339,June,Koch,FEMALE,JuneKoch203@gmail.com,0717339933,False,21304C
9706095341340,Dewitt,Parker,FEMALE,DewittParker204@gmail.com,0717339929,False,21305B
9706095341341,Timothy,Crain,FEMALE,TimothyCrain205@gmail.com,0717339935,False,21306B
9706095341342,Ricky,Cooper,MALE,RickyCooper207@gmail.com,0717339935,False,11308B
9706095341343,Ricky,Allen,MALE,RickyAllen208@gmail.com,0717339932,False,11309A
9706095341344,Joann,Mitchell,MALE,JoannMitchell208@gmail.com,0717339930,False,11309B
9706095341345,Kara,Sousa,FEMALE,KaraSousa211@gmail.com,0717339926,False,21312C
9706095341346,Eric,Gridley,FEMALE,EricGridley212@gmail.com,0717339924,False,21313A
9706095341347,David,Taranto,FEMALE,DavidTaranto212@gmail.com,0717339927,False,21313B
9706095341348,William,Hall,MALE,WilliamHall213@gmail.com,0717339912,False,11314B
9706095341349,Virginia,Doering,FEMALE,VirginiaDoering215@gmail.com,0717339927,False,21316A
9706095341350,Jeffrey,Thayer,FEMALE,JeffreyThayer215@gmail.com,0717339918,False,21316C
9706095341351,Cheryl,Michaud,FEMALE,CherylMichaud216@gmail.com,0717339925,False,21317A
9706095341352,Blanca,Callan,FEMALE,BlancaCallan216@gmail.com,0717339916,False,21317C
9706095341353,John,Johnson,MALE,JohnJohnson218@gmail.com,0717339924,False,11319A
9706095341354,Roseann,Vivenzio,MALE,RoseannVivenzio218@gmail.com,0717339916,False,11319B
9706095341355,Kevin,Delgado,FEMALE,KevinDelgado219@gmail.com,0717339922,False,21320C
9706095341356,Arthur,Johnstone,FEMALE,ArthurJohnstone220@gmail.com,0717339930,False,21321B
9706095341357,Richard,Angerer,MALE,RichardAngerer221@gmail.com,0717339926,False,11322A
9706095341358,Brittni,Strozier,FEMALE,BrittniStrozier223@gmail.com,0717339918,False,21324A
9706095341359,Maryann,Benigno,FEMALE,MaryannBenigno223@gmail.com,0717339926,False,21324B
9706095341360,Dorothy,Mancinelli,MALE,DorothyMancinelli224@gmail.com,0717339911,False,11325B
9706095341361,Stacy,Moore,MALE,StacyMoore225@gmail.com,0717339924,False,11326B
9706095341362,Nicole,Stone,FEMALE,NicoleStone226@gmail.com,0717339914,False,21327A
9706095341363,Travis,Criswell,FEMALE,TravisCriswell226@gmail.com,0717339914,False,21327C
9706095341364,Naomi,Camlin,MALE,NaomiCamlin227@gmail.com,0717339931,False,11328B
9706095341365,Lucille,Delacruz,FEMALE,LucilleDelacruz228@gmail.com,0717339917,False,21329B
9706095341366,Kenneth,Stabile,FEMALE,KennethStabile228@gmail.com,0717339910,False,21329C
9706095341367,Anne,Bouchard,FEMALE,AnneBouchard229@gmail.com,0717339927,False,21330A
9706095341368,Donna,Haire,FEMALE,DonnaHaire229@gmail.com,0717339917,False,21330B
9706095341369,Francis,Lister,FEMALE,FrancisLister230@gmail.com,0717339925,False,21331B
9706095341370,Chloe,Childs,FEMALE,ChloeChilds230@gmail.com,0717339915,False,21331C
9706095341371,June,Siebrecht,FEMALE,JuneSiebrecht231@gmail.com,0717339916,False,21332A
9706095341372,Walter,Sheehan,MALE,WalterSheehan232@gmail.com,0717339930,False,11333B
9706095341373,Mandy,Belone,MALE,MandyBelone235@gmail.com,0717339914,False,11336A
9706095341374,Doris,Villanueva,MALE,DorisVillanueva236@gmail.com,0717339928,False,11337A
9706095341375,Brenda,Gray,MALE,BrendaGray236@gmail.com,0717339932,False,11337B
9706095341376,Anthony,Alvarez,FEMALE,AnthonyAlvarez237@gmail.com,0717339920,False,21338A
9706095341377,Len,Vazquez,FEMALE,LenVazquez237@gmail.com,0717339926,False,21338B
9706095341378,Julia,Lanphear,FEMALE,JuliaLanphear237@gmail.com,0717339911,False,21338C
9706095341379,Jillian,Mims,MALE,JillianMims238@gmail.com,0717339928,False,11339B
9706095341380,Jonathan,McGarrity,FEMALE,JonathanMcGarrity239@gmail.com,0717339916,False,21340C
9706095341381,Raymond,Anderson,FEMALE,RaymondAnderson240@gmail.com,0717339915,False,21341A
9706095341382,Roland,Sloan,FEMALE,RolandSloan240@gmail.com,0717339920,False,21341B
9706095341383,Vincent,Martinez,FEMALE,VincentMartinez241@gmail.com,0717339917,False,21342B
9706095341384,Joseph,Conroy,FEMALE,JosephConroy241@gmail.com,0717339934,False,21342C
9706095341385,Jerry,Broyles,FEMALE,JerryBroyles242@gmail.com,0717339934,False,21343B
9706095341386,Wayne,Alonso,FEMALE,WayneAlonso242@gmail.com,0717339919,False,21343C
9706095341387,Stephen,Kleinhans,MALE,StephenKleinhans243@gmail.com,0717339919,False,11344A
9706095341388,Leola,Gentry,MALE,LeolaGentry243@gmail.com,0717339934,False,11344B
9706095341389,Belinda,Strub,MALE,BelindaStrub244@gmail.com,0717339920,False,11345A
9706095341390,Fidel,Ebelt,FEMALE,FidelEbelt245@gmail.com,0717339921,False,21346A
9706095341391,Kristy,Williams,FEMALE,KristyWilliams245@gmail.com,0717339916,False,21346B
9706095341392,Michael,Dean,FEMALE,MichaelDean245@gmail.com,0717339920,False,21346C
9706095341393,Ethel,Miles,FEMALE,EthelMiles246@gmail.com,0717339936,False,21347B
9706095341394,Jorge,Trybula,FEMALE,JorgeTrybula246@gmail.com,0717339924,False,21347C
9706095341395,Emily,Retana,FEMALE,EmilyRetana247@gmail.com,0717339925,False,21348A
9706095341396,Douglas,Famularo,FEMALE,DouglasFamularo247@gmail.com,0717339929,False,21348B
9706095341397,Maryann,Turner,FEMALE,MaryannTurner247@gmail.com,0717339932,False,21348C
9706095341398,Robert,Hahn,FEMALE,RobertHahn248@gmail.com,0717339930,False,21349B
9706095341399,Steven,McKnight,MALE,StevenMcKnight249@gmail.com,0717339918,False,11350A
9706095341400,Patricia,Hamrick,MALE,PatriciaHamrick249@gmail.com,0717339933,False,11350B
9706095341401,William,Brown,FEMALE,WilliamBrown250@gmail.com,0717339930,False,21351A
9706095341402,Joanne,Yost,FEMALE,JoanneYost250@gmail.com,0717339939,False,21351C
9706095341403,Cynthia,Lebrun,FEMALE,CynthiaLebrun251@gmail.com,0717339922,False,21352C
9706095341404,Ernestine,Thomas,FEMALE,ErnestineThomas252@gmail.com,0717339919,False,21353C
9706095341405,Christine,Peluso,FEMALE,ChristinePeluso253@gmail.com,0717339936,False,21354B
9706095341406,Ronald,Lewis,MALE,RonaldLewis255@gmail.com,0717339911,False,11356A
9706095341407,Robert,Perkins,MALE,RobertPerkins255@gmail.com,0717339911,False,11356B
9706095341408,Kathy,Renshaw,FEMALE,KathyRenshaw256@gmail.com,0717339932,False,21357A
9706095341409,Clifford,Davis,FEMALE,CliffordDavis256@gmail.com,0717339930,False,21357B
9706095341410,Hilton,Harney,MALE,HiltonHarney257@gmail.com,0717339913,False,11358B
9706095341411,Kayla,Reed,MALE,KaylaReed258@gmail.com,0717339922,False,11359A
9706095341412,Kendall,Quiroz,MALE,KendallQuiroz259@gmail.com,0717339921,False,11360A
9706095341413,Dale,McGaughy,FEMALE,DaleMcGaughy260@gmail.com,0717339932,False,21361A
9706095341414,Ralph,Johnson,FEMALE,RalphJohnson260@gmail.com,0717339938,False,21361B
9706095341415,Emma,Dipinto,MALE,EmmaDipinto263@gmail.com,0717339928,False,11364B
9706095341416,Lynda,Byrd,MALE,LyndaByrd264@gmail.com,0717339915,False,11365B
9706095341417,Brian,Rutland,FEMALE,BrianRutland265@gmail.com,0717339913,False,21366B
9706095341418,Pamela,Gonzalez,MALE,PamelaGonzalez266@gmail.com,0717339927,False,11367A
9706095341419,Bradford,Moore,MALE,BradfordMoore266@gmail.com,0717339910,False,11367B
9706095341420,Pamela,Richardson,MALE,PamelaRichardson267@gmail.com,0717339914,False,11368A
9706095341421,Connie,Paxton,MALE,ConniePaxton267@gmail.com,0717339930,False,11368B
9706095341422,Wanda,Ferrell,MALE,WandaFerrell269@gmail.com,0717339922,False,11370A
9706095341423,Jean,Hunter,FEMALE,JeanHunter270@gmail.com,0717339926,False,21371A
9706095341424,Van,Frausto,MALE,VanFrausto271@gmail.com,0717339912,False,11372A
9706095341425,Lisa,Lerner,MALE,LisaLerner271@gmail.com,0717339921,False,11372B
9706095341426,Edward,Serrano,MALE,EdwardSerrano272@gmail.com,0717339927,False,11373B
9706095341427,Charles,Farina,MALE,CharlesFarina275@gmail.com,0717339924,False,11376A
9706095341428,Norma,Carter,MALE,NormaCarter275@gmail.com,0717339918,False,11376B
9706095341429,Jennifer,Emerson,MALE,JenniferEmerson276@gmail.com,0717339911,False,11377B
9706095341430,Bernard,Altamirano,MALE,BernardAltamirano277@gmail.com,0717339914,False,11378A
9706095341431,William,Bennett,MALE,WilliamBennett277@gmail.com,0717339931,False,11378B
9706095341432,Grover,Byrd,MALE,GroverByrd280@gmail.com,0717339931,False,11381A
9706095341433,Anna,Wilson,MALE,AnnaWilson280@gmail.com,0717339928,False,11381B
9706095341434,Nathaniel,Mattison,MALE,NathanielMattison281@gmail.com,0717339931,False,11382A
9706095341435,Pamela,Vanness,MALE,PamelaVanness281@gmail.com,0717339935,False,11382B
9706095341436,Shannon,Webb,FEMALE,ShannonWebb282@gmail.com,0717339922,False,21383B
9706095341437,Ramonita,Poirier,FEMALE,RamonitaPoirier282@gmail.com,0717339935,False,21383C
9706095341438,Kathryn,Ramirez,FEMALE,KathrynRamirez283@gmail.com,0717339913,False,21384A
9706095341439,Marie,Dibartolo,FEMALE,MarieDibartolo283@gmail.com,0717339910,False,21384B
9706095341440,David,Broomfield,FEMALE,DavidBroomfield283@gmail.com,0717339933,False,21384C
9706095341441,William,Vandergriff,FEMALE,WilliamVandergriff285@gmail.com,0717339935,False,21386A
9706095341442,Carmen,Gerts,FEMALE,CarmenGerts285@gmail.com,0717339917,False,21386C
9706095341443,Michelle,Pena,MALE,MichellePena286@gmail.com,0717339912,False,11387A
9706095341444,Jorge,Ortega,MALE,JorgeOrtega286@gmail.com,0717339913,False,11387B
9706095341445,Dean,Nielsen,FEMALE,DeanNielsen288@gmail.com,0717339924,False,21389A
9706095341446,Carol,Bergstrom,MALE,CarolBergstrom289@gmail.com,0717339938,False,11390A
9706095341447,Richard,Elmore,MALE,RichardElmore289@gmail.com,0717339923,False,11390B
9706095341448,Amanda,Wright,MALE,AmandaWright290@gmail.com,0717339935,False,11391A
9706095341449,Courtney,Green,MALE,CourtneyGreen290@gmail.com,0717339915,False,11391B
9706095341450,Darlene,Wu,FEMALE,DarleneWu291@gmail.com,0717339923,False,21392B
9706095341451,Douglas,Polakoff,FEMALE,DouglasPolakoff291@gmail.com,0717339927,False,21392C
9706095341452,Amber,Hampton,FEMALE,AmberHampton292@gmail.com,0717339912,False,21393C
9706095341453,Jesus,Himmelfarb,FEMALE,JesusHimmelfarb293@gmail.com,0717339938,False,21394A
9706095341454,Roger,Gubser,FEMALE,RogerGubser293@gmail.com,0717339917,False,21394B
9706095341455,Sharlene,Jeffers,FEMALE,SharleneJeffers293@gmail.com,0717339929,False,21394C
9706095341456,Brian,Strickland,FEMALE,BrianStrickland294@gmail.com,0717339929,False,21395A
9706095341457,Richard,Falk,FEMALE,RichardFalk294@gmail.com,0717339911,False,21395C
9706095341458,Anne,Gilley,FEMALE,AnneGilley298@gmail.com,0717339913,False,21399B
9706095341459,Pierre,Jordan,MALE,PierreJordan299@gmail.com,0717339919,False,11400A
9706095341460,Robert,Adams,MALE,RobertAdams301@gmail.com,0717339934,False,11402A
9706095341461,Michael,Drake,MALE,MichaelDrake302@gmail.com,0717339939,False,11403B
9706095341462,Eddie,Paslay,MALE,EddiePaslay303@gmail.com,0717339939,False,11404A
9706095341463,Emily,Craft,MALE,EmilyCraft303@gmail.com,0717339915,False,11404B
9706095341464,Miriam,Dimaio,FEMALE,MiriamDimaio304@gmail.com,0717339914,False,21405C
9706095341465,James,Tomassini,MALE,JamesTomassini305@gmail.com,0717339915,False,11406B
9706095341466,Claude,Alvarez,MALE,ClaudeAlvarez306@gmail.com,0717339933,False,11407A
9706095341467,Kimberly,Adams,FEMALE,KimberlyAdams308@gmail.com,0717339931,False,21409A
9706095341468,Mark,McGee,FEMALE,MarkMcGee309@gmail.com,0717339932,False,21410B
9706095341469,Barbara,Reller,FEMALE,BarbaraReller310@gmail.com,0717339928,False,21411A
9706095341470,Virgil,Harrison,FEMALE,VirgilHarrison311@gmail.com,0717339934,False,21412C
9706095341471,Tammie,Altick,FEMALE,TammieAltick312@gmail.com,0717339920,False,21413A
9706095341472,Gordon,Gibney,MALE,GordonGibney313@gmail.com,0717339937,False,11414A
9706095341473,Linda,Bishop,FEMALE,LindaBishop314@gmail.com,0717339927,False,21415A
9706095341474,Marybeth,Goforth,FEMALE,MarybethGoforth314@gmail.com,0717339935,False,21415B
9706095341475,Thelma,Lopez,FEMALE,ThelmaLopez315@gmail.com,0717339938,False,21416A
9706095341476,Matthew,May,FEMALE,MatthewMay315@gmail.com,0717339917,False,21416B
9706095341477,Anna,Hernandez,FEMALE,AnnaHernandez315@gmail.com,0717339930,False,21416C
9706095341478,Bessie,Carter,MALE,BessieCarter316@gmail.com,0717339910,False,11417B
9706095341479,Danny,Castelan,MALE,DannyCastelan318@gmail.com,0717339914,False,11419A
9706095341480,Luanne,Watford,MALE,LuanneWatford319@gmail.com,0717339913,False,11420B
9706095341481,John,Taylor,FEMALE,JohnTaylor320@gmail.com,0717339936,False,21421B
9706095341482,Angela,Gaston,FEMALE,AngelaGaston320@gmail.com,0717339920,False,21421C
9706095341483,Thelma,Kovac,FEMALE,ThelmaKovac321@gmail.com,0717339919,False,21422B
9706095341484,Norman,Roberts,MALE,NormanRoberts322@gmail.com,0717339935,False,11423A
9706095341485,Tyler,Bowen,FEMALE,TylerBowen323@gmail.com,0717339920,False,21424A
9706095341486,Gerald,Bailey,FEMALE,GeraldBailey323@gmail.com,0717339913,False,21424B
9706095341487,Carson,Green,MALE,CarsonGreen324@gmail.com,0717339918,False,11425A
9706095341488,Janet,Richards,FEMALE,JanetRichards325@gmail.com,0717339937,False,21426B
9706095341489,Bianca,Yoshiyama,MALE,BiancaYoshiyama326@gmail.com,0717339936,False,11427B
9706095341490,John,Webb,FEMALE,JohnWebb327@gmail.com,0717339918,False,21428A
9706095341491,Kenneth,Bick,FEMALE,KennethBick327@gmail.com,0717339932,False,21428B
9706095341492,Rex,Thorne,FEMALE,RexThorne327@gmail.com,0717339937,False,21428C
9706095341493,Claudia,King,FEMALE,ClaudiaKing328@gmail.com,0717339925,False,21429A
9706095341494,Ada,Hack,FEMALE,AdaHack328@gmail.com,0717339921,False,21429B
9706095341495,Barry,Dickson,FEMALE,BarryDickson329@gmail.com,0717339914,False,21430C
9706095341496,Megan,Haas,FEMALE,MeganHaas330@gmail.com,0717339934,False,21431A
9706095341497,Dan,Babcock,FEMALE,DanBabcock330@gmail.com,0717339916,False,21431B
9706095341498,Darrell,Mecklenburg,FEMALE,DarrellMecklenburg330@gmail.com,0717339933,False,21431C
9706095341499,Harold,Davis,FEMALE,HaroldDavis331@gmail.com,0717339917,False,21432B
9706095341500,Holly,Hartlieb,FEMALE,HollyHartlieb331@gmail.com,0717339924,False,21432C
9706095341501,Patricia,Peters,MALE,PatriciaPeters333@gmail.com,0717339914,False,11434A
9706095341502,Tracy,James,FEMALE,TracyJames335@gmail.com,0717339910,False,21436A
9706095341503,Anna,Clifford,FEMALE,AnnaClifford335@gmail.com,0717339936,False,21436B
9706095341504,Elsie,Ayala,MALE,ElsieAyala336@gmail.com,0717339922,False,11437A
9706095341505,Wilma,Vann,MALE,WilmaVann336@gmail.com,0717339927,False,11437B
9706095341506,Mildred,Bennett,FEMALE,MildredBennett337@gmail.com,0717339925,False,21438A
9706095341507,Brant,Breaux,FEMALE,BrantBreaux337@gmail.com,0717339939,False,21438C
9706095341508,Donald,Kiele,FEMALE,DonaldKiele340@gmail.com,0717339938,False,21441B
9706095341509,John,Bordeleau,MALE,JohnBordeleau341@gmail.com,0717339927,False,11442A
9706095341510,Edward,Meza,FEMALE,EdwardMeza342@gmail.com,0717339921,False,21443B
9706095341511,Dale,Raynor,FEMALE,DaleRaynor342@gmail.com,0717339916,False,21443C
9706095341512,Darrell,Braden,MALE,DarrellBraden343@gmail.com,0717339910,False,11444A
9706095341513,Leroy,Dolezal,FEMALE,LeroyDolezal344@gmail.com,0717339933,False,21445A
9706095341514,Glenn,Kim,FEMALE,GlennKim344@gmail.com,0717339910,False,21445B
9706095341515,Hugo,Ogden,FEMALE,HugoOgden344@gmail.com,0717339914,False,21445C
9706095341516,Rufus,Porter,MALE,RufusPorter346@gmail.com,0717339917,False,11447A
9706095341517,James,Mosqueda,MALE,JamesMosqueda346@gmail.com,0717339935,False,11447B
9706095341518,Marilyn,Souza,FEMALE,MarilynSouza347@gmail.com,0717339928,False,21448A
9706095341519,Brandi,Santiago,FEMALE,BrandiSantiago347@gmail.com,0717339927,False,21448C
9706095341520,Eric,Warnimont,MALE,EricWarnimont348@gmail.com,0717339926,False,11449B
9706095341521,Bonnie,Laituri,MALE,BonnieLaituri349@gmail.com,0717339918,False,11450A
9706095341522,Lawrence,Crane,FEMALE,LawrenceCrane350@gmail.com,0717339938,False,21451C
9706095341523,Marie,Hevener,FEMALE,MarieHevener351@gmail.com,0717339934,False,21452A
9706095341524,Albert,Wilkerson,FEMALE,AlbertWilkerson351@gmail.com,0717339924,False,21452B
9706095341525,Kyung,Buhl,FEMALE,KyungBuhl352@gmail.com,0717339926,False,21453A
9706095341526,Betty,Lee,FEMALE,BettyLee353@gmail.com,0717339916,False,21454B
9706095341527,Jane,Hayes,FEMALE,JaneHayes353@gmail.com,0717339924,False,21454C
9706095341528,Anne,Bowen,FEMALE,AnneBowen354@gmail.com,0717339929,False,21455A
9706095341529,Samuel,Pleasant,FEMALE,SamuelPleasant355@gmail.com,0717339936,False,21456A
9706095341530,Jean,Sheffield,FEMALE,JeanSheffield355@gmail.com,0717339933,False,21456C
9706095341531,Anna,Ballard,MALE,AnnaBallard356@gmail.com,0717339917,False,11457A
9706095341532,Michael,Miller,FEMALE,MichaelMiller358@gmail.com,0717339911,False,21459A
9706095341533,Vicki,Giuffrida,FEMALE,VickiGiuffrida358@gmail.com,0717339930,False,21459C
9706095341534,Jeffery,Castellanos,FEMALE,JefferyCastellanos359@gmail.com,0717339915,False,21460A
9706095341535,Candace,Byers,MALE,CandaceByers360@gmail.com,0717339938,False,11461B
9706095341536,Diann,Smith,FEMALE,DiannSmith361@gmail.com,0717339939,False,21462A
9706095341537,Sherry,Martin,FEMALE,SherryMartin363@gmail.com,0717339935,False,21464A
9706095341538,Robert,Wilkinson,FEMALE,RobertWilkinson363@gmail.com,0717339912,False,21464B
9706095341539,Dean,Cox,FEMALE,DeanCox363@gmail.com,0717339928,False,21464C
9706095341540,Eleanor,Power,FEMALE,EleanorPower364@gmail.com,0717339931,False,21465A
9706095341541,Dawn,Rodriguez,FEMALE,DawnRodriguez364@gmail.com,0717339935,False,21465C
9706095341542,Esther,Rotunno,MALE,EstherRotunno365@gmail.com,0717339924,False,11466B
9706095341543,Brandy,Coles,FEMALE,BrandyColes366@gmail.com,0717339923,False,21467A
9706095341544,Rochelle,Kowalski,FEMALE,RochelleKowalski366@gmail.com,0717339923,False,21467B
9706095341545,Charles,Carter,FEMALE,CharlesCarter366@gmail.com,0717339915,False,21467C
9706095341546,Audrie,Newell,MALE,AudrieNewell367@gmail.com,0717339925,False,11468B
9706095341547,Kelly,Smith,MALE,KellySmith368@gmail.com,0717339917,False,11469A
9706095341548,Regina,Walsh,MALE,ReginaWalsh368@gmail.com,0717339927,False,11469B
9706095341549,Judith,Ollis,FEMALE,JudithOllis369@gmail.com,0717339913,False,21470A
9706095341550,Raymond,Ham,FEMALE,RaymondHam369@gmail.com,0717339933,False,21470C
9706095341551,Julio,Dominguez,MALE,JulioDominguez372@gmail.com,0717339918,False,11473A
9706095341552,Elizabeth,Benford,MALE,ElizabethBenford373@gmail.com,0717339937,False,11474A
9706095341553,Belinda,Wimmer,MALE,BelindaWimmer375@gmail.com,0717339933,False,11476A
9706095341554,Elaine,Sanford,MALE,ElaineSanford376@gmail.com,0717339930,False,11477B
9706095341555,Helen,Hall,MALE,HelenHall377@gmail.com,0717339935,False,11478B
9706095341556,Ellen,Barnes,FEMALE,EllenBarnes378@gmail.com,0717339915,False,21479A
9706095341557,Harry,Minten,FEMALE,HarryMinten381@gmail.com,0717339922,False,21482C
9706095341558,George,Sunde,MALE,GeorgeSunde382@gmail.com,0717339911,False,11483B
9706095341559,Annie,Langer,MALE,AnnieLanger384@gmail.com,0717339911,False,11485A
9706095341560,Thomas,Keating,FEMALE,ThomasKeating385@gmail.com,0717339913,False,21486A
9706095341561,Jeff,Grow,FEMALE,JeffGrow385@gmail.com,0717339914,False,21486B
9706095341562,Christopher,Cavins,FEMALE,ChristopherCavins385@gmail.com,0717339935,False,21486C
9706095341563,Barbara,Hulsey,FEMALE,BarbaraHulsey386@gmail.com,0717339925,False,21487B
9706095341564,Steven,Edge,FEMALE,StevenEdge386@gmail.com,0717339919,False,21487C
9706095341565,Mark,Rainey,FEMALE,MarkRainey387@gmail.com,0717339939,False,21488A
9706095341566,Thomas,Flores,FEMALE,ThomasFlores387@gmail.com,0717339913,False,21488B
9706095341567,Shirley,Weber,FEMALE,ShirleyWeber387@gmail.com,0717339923,False,21488C
9706095341568,Joyce,Johnson,FEMALE,JoyceJohnson388@gmail.com,0717339915,False,21489A
9706095341569,Christina,Goldenberg,FEMALE,ChristinaGoldenberg388@gmail.com,0717339919,False,21489B
9706095341570,Michael,Reyes,FEMALE,MichaelReyes388@gmail.com,0717339920,False,21489C
9706095341571,Leigh,Rojas,FEMALE,LeighRojas389@gmail.com,0717339917,False,21490A
9706095341572,Matthew,Hacker,FEMALE,MatthewHacker389@gmail.com,0717339916,False,21490C
9706095341573,Eric,Gutierrez,MALE,EricGutierrez391@gmail.com,0717339911,False,11492A
9706095341574,Robert,Johnson,FEMALE,RobertJohnson393@gmail.com,0717339930,False,21494A
9706095341575,Robert,Hornung,FEMALE,RobertHornung393@gmail.com,0717339914,False,21494B
9706095341576,Blanca,Dent,MALE,BlancaDent394@gmail.com,0717339917,False,11495A
9706095341577,Francisca,Rustic,MALE,FranciscaRustic394@gmail.com,0717339918,False,11495B
9706095341578,Reid,Hansen,FEMALE,ReidHansen396@gmail.com,0717339926,False,21497A
9706095341579,John,Monnier,MALE,JohnMonnier398@gmail.com,0717339926,False,11499A
9706095341580,James,Loera,MALE,JamesLoera398@gmail.com,0717339916,False,11499B
9706095341581,William,Richey,MALE,WilliamRichey399@gmail.com,0717339918,False,11500A
9706095341582,Gary,Esparza,FEMALE,GaryEsparza400@gmail.com,0717339936,False,21501C
9706095341583,Susan,Liebman,MALE,SusanLiebman401@gmail.com,0717339925,False,11502A
9706095341584,Dennis,Linebarger,MALE,DennisLinebarger401@gmail.com,0717339910,False,11502B
9706095341585,Roger,Meegan,MALE,RogerMeegan402@gmail.com,0717339926,False,11503A
9706095341586,Beverly,Diethorn,MALE,BeverlyDiethorn403@gmail.com,0717339926,False,11504A
9706095341587,Joseph,Felber,FEMALE,JosephFelber405@gmail.com,0717339924,False,21506C
9706095341588,Daniel,Hernandez,FEMALE,DanielHernandez406@gmail.com,0717339910,False,21507A
9706095341589,Ralph,Marriott,FEMALE,RalphMarriott407@gmail.com,0717339938,False,21508C
9706095341590,Samantha,Rowe,MALE,SamanthaRowe409@gmail.com,0717339938,False,11510A
9706095341591,Jennifer,Ramirez,FEMALE,JenniferRamirez410@gmail.com,0717339920,False,21511B
9706095341592,Virginia,Tanimoto,MALE,VirginiaTanimoto412@gmail.com,0717339926,False,11513A
9706095341593,Dara,Ferrara,MALE,DaraFerrara412@gmail.com,0717339912,False,11513B
9706095341594,Jeremy,Bonnell,MALE,JeremyBonnell413@gmail.com,0717339920,False,11514A
9706095341595,Andrew,Harper,FEMALE,AndrewHarper414@gmail.com,0717339937,False,21515A
9706095341596,Orlando,Kunzler,FEMALE,OrlandoKunzler414@gmail.com,0717339926,False,21515C
9706095341597,Crystal,Amador,FEMALE,CrystalAmador415@gmail.com,0717339939,False,21516A
9706095341598,Pam,Figueroa,MALE,PamFigueroa416@gmail.com,0717339933,False,11517B
9706095341599,Antonio,Smith,MALE,AntonioSmith417@gmail.com,0717339916,False,11518A
9706095341600,Robert,Renbarger,MALE,RobertRenbarger418@gmail.com,0717339916,False,11519B
9706095341601,Sandra,Sotelo,FEMALE,SandraSotelo419@gmail.com,0717339924,False,21520A
9706095341602,Paula,Budke,MALE,PaulaBudke420@gmail.com,0717339918,False,11521A
9706095341603,Brett,McLendon,MALE,BrettMcLendon420@gmail.com,0717339937,False,11521B
9706095341604,Rose,Botello,FEMALE,RoseBotello421@gmail.com,0717339915,False,21522A
9706095341605,Jesus,Alessi,FEMALE,JesusAlessi421@gmail.com,0717339916,False,21522B
9706095341606,Christopher,Hicks,FEMALE,ChristopherHicks421@gmail.com,0717339930,False,21522C
9706095341607,Gladys,Christopher,MALE,GladysChristopher422@gmail.com,0717339937,False,11523A
9706095341608,Paul,Rees,FEMALE,PaulRees423@gmail.com,0717339932,False,21524A
9706095341609,Amy,Calhoun,FEMALE,AmyCalhoun424@gmail.com,0717339934,False,21525B
9706095341610,Marquita,Custer,FEMALE,MarquitaCuster425@gmail.com,0717339935,False,21526A
9706095341611,Maria,Schultz,FEMALE,MariaSchultz425@gmail.com,0717339918,False,21526B
9706095341612,Donald,Carey,FEMALE,DonaldCarey425@gmail.com,0717339917,False,21526C
9706095341613,Ralph,Vanderploeg,FEMALE,RalphVanderploeg427@gmail.com,0717339937,False,21528A
9706095341614,Tracy,Ingram,FEMALE,TracyIngram427@gmail.com,0717339938,False,21528B
9706095341615,Connie,Johnson,FEMALE,ConnieJohnson427@gmail.com,0717339929,False,21528C
9706095341616,Billy,King,FEMALE,BillyKing428@gmail.com,0717339924,False,21529A
9706095341617,Malcolm,Franco,FEMALE,MalcolmFranco428@gmail.com,0717339920,False,21529B
9706095341618,Tressa,Carr,FEMALE,TressaCarr428@gmail.com,0717339924,False,21529C
9706095341619,Elias,Garrett,FEMALE,EliasGarrett430@gmail.com,0717339917,False,21531A
9706095341620,Lee,Gatlin,FEMALE,LeeGatlin430@gmail.com,0717339920,False,21531B
9706095341621,Debra,Bednarik,FEMALE,DebraBednarik430@gmail.com,0717339919,False,21531C
9706095341622,Edna,Chesley,MALE,EdnaChesley431@gmail.com,0717339929,False,11532A
9706095341623,Scott,Welsh,MALE,ScottWelsh431@gmail.com,0717339910,False,11532B
9706095341624,Ernie,Craig,FEMALE,ErnieCraig432@gmail.com,0717339913,False,21533B
9706095341625,Aaron,Hincher,FEMALE,AaronHincher432@gmail.com,0717339911,False,21533C
9706095341626,Jacqueline,Wray,MALE,JacquelineWray433@gmail.com,0717339913,False,11534B
9706095341627,Jeramy,Petrich,FEMALE,JeramyPetrich434@gmail.com,0717339918,False,21535B
9706095341628,Tracey,Colledge,FEMALE,TraceyColledge434@gmail.com,0717339933,False,21535C
9706095341629,Theresa,Brown,FEMALE,TheresaBrown435@gmail.com,0717339928,False,21536A
9706095341630,Catherine,Parazoo,FEMALE,CatherineParazoo435@gmail.com,0717339927,False,21536B
9706095341631,Earnest,Jones,FEMALE,EarnestJones436@gmail.com,0717339920,False,21537A
9706095341632,Bret,Zika,FEMALE,BretZika436@gmail.com,0717339914,False,21537B
9706095341633,Ralph,Myres,FEMALE,RalphMyres437@gmail.com,0717339934,False,21538A
9706095341634,William,Biundo,MALE,WilliamBiundo438@gmail.com,0717339922,False,11539A
9706095341635,Carol,Gibson,MALE,CarolGibson439@gmail.com,0717339929,False,11540B
9706095341636,Daphne,Thompson,MALE,DaphneThompson440@gmail.com,0717339916,False,11541B
9706095341637,Melvin,Levesque,MALE,MelvinLevesque441@gmail.com,0717339921,False,11542B
9706095341638,Jim,King,MALE,JimKing442@gmail.com,0717339926,False,11543A
9706095341639,Rusty,Diaz,MALE,RustyDiaz443@gmail.com,0717339922,False,11544A
9706095341640,Anthony,Mendez,MALE,AnthonyMendez443@gmail.com,0717339926,False,11544B
9706095341641,Harry,Garcia,FEMALE,HarryGarcia444@gmail.com,0717339913,False,21545C
9706095341642,Debbie,Melgar,FEMALE,DebbieMelgar445@gmail.com,0717339933,False,21546B
9706095341643,Walter,Plant,MALE,WalterPlant446@gmail.com,0717339915,False,11547B
9706095341644,Allen,Graver,FEMALE,AllenGraver448@gmail.com,0717339926,False,21549B
9706095341645,Rita,Smith,FEMALE,RitaSmith448@gmail.com,0717339921,False,21549C
9706095341646,Colleen,Miller,MALE,ColleenMiller449@gmail.com,0717339937,False,11550A
9706095341647,Raquel,Pierce,FEMALE,RaquelPierce450@gmail.com,0717339923,False,21551C
9706095341648,Pamela,Nguyen,FEMALE,PamelaNguyen451@gmail.com,0717339915,False,21552A
9706095341649,Ricky,Jones,FEMALE,RickyJones451@gmail.com,0717339923,False,21552B
9706095341650,Norma,Bussa,FEMALE,NormaBussa452@gmail.com,0717339925,False,21553A
9706095341651,Matthew,Arundel,FEMALE,MatthewArundel453@gmail.com,0717339924,False,21554A
9706095341652,Rene,Bartlett,FEMALE,ReneBartlett453@gmail.com,0717339921,False,21554B
9706095341653,Gregory,Wooten,FEMALE,GregoryWooten453@gmail.com,0717339937,False,21554C
9706095341654,Kristen,Puffer,MALE,KristenPuffer454@gmail.com,0717339936,False,11555B
9706095341655,Matthew,Delgadillo,MALE,MatthewDelgadillo455@gmail.com,0717339923,False,11556A
9706095341656,Deborah,Jimenez,MALE,DeborahJimenez456@gmail.com,0717339937,False,11557B
9706095341657,Kevin,Brehmer,MALE,KevinBrehmer457@gmail.com,0717339917,False,11558B
9706095341658,Ashley,Whiteman,FEMALE,AshleyWhiteman458@gmail.com,0717339922,False,21559A
9706095341659,Sylvia,Johnson,FEMALE,SylviaJohnson458@gmail.com,0717339921,False,21559B
9706095341660,Tracy,Stoudt,FEMALE,TracyStoudt459@gmail.com,0717339930,False,21560C
9706095341661,Nicholas,Brown,FEMALE,NicholasBrown460@gmail.com,0717339931,False,21561C
9706095341662,Georgia,Deshazo,FEMALE,GeorgiaDeshazo461@gmail.com,0717339938,False,21562B
9706095341663,Bernice,Cawley,FEMALE,BerniceCawley462@gmail.com,0717339937,False,21563B
9706095341664,Norma,Jones,FEMALE,NormaJones462@gmail.com,0717339912,False,21563C
9706095341665,Charles,Easton,FEMALE,CharlesEaston463@gmail.com,0717339935,False,21564A
9706095341666,Richard,Fuller,FEMALE,RichardFuller463@gmail.com,0717339925,False,21564C
9706095341667,Thomas,Peng,MALE,ThomasPeng464@gmail.com,0717339917,False,11565A
9706095341668,Anna,Simon,MALE,AnnaSimon465@gmail.com,0717339933,False,11566A
9706095341669,Mary,Moyna,MALE,MaryMoyna465@gmail.com,0717339926,False,11566B
9706095341670,Carol,Betancourt,MALE,CarolBetancourt466@gmail.com,0717339921,False,11567B
9706095341671,Jess,Pope,MALE,JessPope467@gmail.com,0717339913,False,11568A
9706095341672,Janice,Curry,MALE,JaniceCurry468@gmail.com,0717339926,False,11569A
9706095341673,James,Simpson,MALE,JamesSimpson468@gmail.com,0717339913,False,11569B
9706095341674,Mary,Kyle,FEMALE,MaryKyle469@gmail.com,0717339918,False,21570A
9706095341675,Anthony,Engelke,FEMALE,AnthonyEngelke469@gmail.com,0717339922,False,21570B
9706095341676,Lorraine,Baker,MALE,LorraineBaker470@gmail.com,0717339934,False,11571A
9706095341677,Joel,Schwartz,MALE,JoelSchwartz470@gmail.com,0717339913,False,11571B
9706095341678,Marcelino,Verbout,FEMALE,MarcelinoVerbout471@gmail.com,0717339916,False,21572A
9706095341679,Cari,Liu,MALE,CariLiu472@gmail.com,0717339931,False,11573A
9706095341680,Maria,Defrang,MALE,MariaDefrang472@gmail.com,0717339936,False,11573B
9706095341681,Betsy,Burbank,FEMALE,BetsyBurbank473@gmail.com,0717339920,False,21574B
9706095341682,Robert,Scagliarini,FEMALE,RobertScagliarini473@gmail.com,0717339925,False,21574C
9706095341683,Britta,Raskin,FEMALE,BrittaRaskin474@gmail.com,0717339932,False,21575A
9706095341684,Larry,Hubbard,MALE,LarryHubbard476@gmail.com,0717339925,False,11577B
9706095341685,Paula,Stenz,MALE,PaulaStenz477@gmail.com,0717339932,False,11578A
9706095341686,Myrna,Horvath,FEMALE,MyrnaHorvath479@gmail.com,0717339926,False,21580A
9706095341687,Margarette,Vanscoy,FEMALE,MargaretteVanscoy479@gmail.com,0717339939,False,21580C
9706095341688,David,Anderson,MALE,DavidAnderson480@gmail.com,0717339926,False,11581A
9706095341689,Thomas,Swindle,MALE,ThomasSwindle480@gmail.com,0717339928,False,11581B
9706095341690,Jerry,Abbott,FEMALE,JerryAbbott481@gmail.com,0717339934,False,21582B
9706095341691,Bernice,Moll,FEMALE,BerniceMoll481@gmail.com,0717339911,False,21582C
9706095341692,Hope,Poindexter,MALE,HopePoindexter482@gmail.com,0717339911,False,11583A
9706095341693,Larry,Auclair,MALE,LarryAuclair483@gmail.com,0717339928,False,11584A
9706095341694,Kari,Ortiz,FEMALE,KariOrtiz485@gmail.com,0717339929,False,21586C
9706095341695,Christina,Rodas,MALE,ChristinaRodas486@gmail.com,0717339912,False,11587A
9706095341696,Carol,Baird,MALE,CarolBaird486@gmail.com,0717339916,False,11587B
9706095341697,Edward,Mai,FEMALE,EdwardMai487@gmail.com,0717339917,False,21588C
9706095341698,Yvette,Nguyen,FEMALE,YvetteNguyen489@gmail.com,0717339917,False,21590A
9706095341699,Clarence,Gemignani,FEMALE,ClarenceGemignani489@gmail.com,0717339912,False,21590B
9706095341700,Charles,Ryan,FEMALE,CharlesRyan489@gmail.com,0717339914,False,21590C
9706095341701,Martha,Hilger,FEMALE,MarthaHilger491@gmail.com,0717339928,False,21592C
9706095341702,John,Bruckman,FEMALE,JohnBruckman492@gmail.com,0717339911,False,21593C
9706095341703,Gladys,Burke,FEMALE,GladysBurke493@gmail.com,0717339916,False,21594A
9706095341704,Joshua,Proscia,FEMALE,JoshuaProscia493@gmail.com,0717339919,False,21594B
9706095341705,Mary,Baker,FEMALE,MaryBaker493@gmail.com,0717339923,False,21594C
9706095341706,James,Dibrell,MALE,JamesDibrell494@gmail.com,0717339917,False,11595A
9706095341707,Travis,Lawrence,FEMALE,TravisLawrence495@gmail.com,0717339939,False,21596A
9706095341708,Scott,Hamlin,FEMALE,ScottHamlin495@gmail.com,0717339931,False,21596B
9706095341709,Douglas,Spreen,FEMALE,DouglasSpreen495@gmail.com,0717339920,False,21596C
9706095341710,Nathaniel,Denbow,MALE,NathanielDenbow496@gmail.com,0717339919,False,11597A
9706095341711,John,Frieman,MALE,JohnFrieman496@gmail.com,0717339930,False,11597B
9706095341712,Anthony,Seefeldt,MALE,AnthonySeefeldt497@gmail.com,0717339935,False,11598B
